                  epoch,         train/box_loss,         train/cls_loss,         train/dfl_loss,   metrics/precision(B),      metrics/recall(B),       metrics/mAP50(B),    metrics/mAP50-95(B),           val/box_loss,           val/cls_loss,           val/dfl_loss,                 lr/pg0,                 lr/pg1,                 lr/pg2
                      1,                 1.5315,                 3.5487,                 1.7291,                0.16922,                0.25521,                 0.1771,                 0.1136,                 1.7704,                 5.4253,                 2.0886,             0.00029458,             0.00029458,             0.00029458
                      2,                  1.516,                 2.8558,                 1.7399,                0.26785,                0.20761,                0.11159,                0.05882,                 1.9765,                 6.7518,                 2.3307,             0.00047926,             0.00047926,             0.00047926
                      3,                 1.5155,                 2.6037,                  1.704,                 0.5439,                0.18411,                0.15346,                0.07554,                 1.7872,                 4.3475,                 2.2183,             0.00054395,             0.00054395,             0.00054395
                      4,                 1.4807,                 2.4027,                 1.6818,                0.26291,                0.20514,                0.19173,                0.09959,                  1.721,                 2.9631,                 2.0294,             0.00036905,             0.00036905,             0.00036905
                      5,                 1.3712,                 2.2113,                 1.6032,                0.33756,                0.30889,                0.30092,                 0.1867,                 1.6929,                 2.5634,                 1.9438,             0.00018907,             0.00018907,             0.00018907
